"","SchoolID","SchoolName"
"1",400018,"AUSTIN BUS \u0026 ENTRP HS"
"2",609674,"CHICAGO VOCATIONAL HS"
"3",609676,"DUNBAR HS"
"4",609678,"JONES HS"
"5",609679,"PROSSER HS"
"6",609680,"PAYTON HS"
"7",609682,"RICHARDS HS"
"8",609691,"NORTH-GRAND HS"
"9",609692,"SIMEON HS"
"10",609693,"GEORGE WESTINGHOUSE HS"
"11",609694,"HANCOCK HS"
"12",609695,"AMUNDSEN HS"
"13",609698,"BOGAN HS"
"14",609702,"CRANE HS"
"15",609704,"FARRAGUT HS"
"16",609705,"FENGER HS"
"17",609707,"ROBESON HS"
"18",609708,"FOREMAN HS"
"19",609709,"GAGE PARK HS"
"20",609710,"HARLAN HS"
"21",609711,"HARPER HS"
"22",609712,"HIRSCH HS"
"23",609713,"HYDE PARK HS"
"24",609715,"KELLY HS"
"25",609716,"KELVYN PARK HS"
"26",609718,"KENNEDY HS"
"27",609719,"LAKE VIEW HS"
"28",609720,"LANE HS"
"29",609722,"MANLEY HS"
"30",609723,"MARSHALL HS"
"31",609724,"MATHER HS"
"32",609725,"MORGAN PARK HS"
"33",609726,"BROOKS HS"
"34",609727,"PHILLIPS HS"
"35",609728,"ROOSEVELT HS"
"36",609729,"SCHURZ HS"
"37",609730,"SENN HS"
"38",609732,"STEINMETZ COLLEGE PREP HS"
"39",609733,"SULLIVAN HS"
"40",609734,"TAFT HS"
"41",609735,"TILDEN HS"
"42",609736,"DYETT HS"
"43",609737,"VON STEUBEN HS"
"44",609738,"LINCOLN PARK HS"
"45",609739,"WASHINGTON HS"
"46",609740,"WELLS HS"
"47",609741,"HUBBARD HS"
"48",609744,"NORTHSIDE LEARNING HS"
"49",609745,"SOUTHSIDE HS"
"50",609746,"KENWOOD HS"
"51",609748,"YORK HS"
"52",609749,"NORTHSIDE PREP HS"
"53",609750,"SIMPSON HS"
"54",609751,"KING HS"
"55",609753,"CHGO AGR HS"
"56",609754,"CHGO MILITARY ACAD HS"
"57",609755,"YOUNG HS"
"58",609756,"CURIE HS"
"59",609759,"CLEMENTE HS"
"60",609760,"CARVER MILITARY"
"61",609761,"CORLISS HS"
"62",609762,"JULIAN HS"
"63",609764,"JUAREZ HS"
"64",609766,"VAUGHN HS"
"65",609768,"HOPE HS"
"66",609769,"GRAHAM"
"67",609772,"ADDAMS"
"68",609773,"AGASSIZ"
"69",609774,"ALCOTT ES"
"70",609777,"ARMOUR"
"71",609779,"ARMSTRONG"
"72",609780,"AMES"
"73",609781,"ATTUCKS"
"74",609782,"AUDUBON"
"75",609783,"JEFFERSON ALT HS"
"76",609786,"AVALON PARK"
"77",609788,"BARNARD"
"78",609789,"BARRY"
"79",609790,"BARTON"
"80",609791,"BASS"
"81",609792,"BATEMAN"
"82",609793,"NICHOLSON TECH ACAD"
"83",609794,"EDISON"
"84",609795,"CLARK"
"85",609796,"BEAUBIEN"
"86",609797,"BEIDLER"
"87",609798,"BELDING"
"88",609799,"BELL"
"89",609800,"BENNETT"
"90",609803,"BLAINE"
"91",609804,"BOONE"
"92",609805,"JOPLIN"
"93",609806,"BRADWELL"
"94",609807,"HAMPTON"
"95",609808,"HALEY"
"96",609809,"BRENTANO"
"97",609810,"BRIDGE"
"98",609811,"BRIGHT"
"99",609812,"BROWN"
"100",609813,"BROWNELL"
"101",609815,"BOUCHET"
"102",609817,"BUDLONG"
"103",609818,"BURBANK"
"104",609819,"BURKE"
"105",609820,"BURLEY"
"106",609821,"BURNHAM"
"107",609826,"CASTELLANOS"
"108",609827,"BURNSIDE"
"109",609828,"BURR"
"110",609829,"BURROUGHS"
"111",609830,"BRUNSON"
"112",609832,"BYRNE"
"113",609833,"CALDWELL"
"114",609834,"LITTLE VILLAGE"
"115",609835,"CAMERON"
"116",609836,"CANTY"
"117",609837,"CARNEGIE"
"118",609839,"CARROLL"
"119",609842,"CARSON"
"120",609844,"CARTER"
"121",609845,"CARVER "
"122",609848,"ALDRIDGE"
"123",609849,"CASSELL"
"124",609850,"GREELEY"
"125",609851,"CHALMERS"
"126",609852,"CHAPPELL"
"127",609853,"CHASE"
"128",609854,"CHOPIN"
"129",609855,"CHRISTOPHER"
"130",609856,"CLAY"
"131",609857,"CLEVELAND"
"132",609859,"CLINTON"
"133",609861,"CLISSOLD"
"134",609862,"COLES"
"135",609863,"COLUMBUS"
"136",609864,"COOK"
"137",609865,"JORDAN"
"138",609866,"COONLEY"
"139",609867,"COOPER"
"140",609869,"LANGFORD"
"141",609870,"CORKERY"
"142",609871,"VICK"
"143",609872,"PEREZ"
"144",609873,"CROWN"
"145",609874,"DIRKSEN"
"146",609875,"DARWIN"
"147",609876,"DAVIS"
"148",609879,"DAWES"
"149",609880,"DECATUR"
"150",609883,"DENEEN"
"151",609884,"DEVER"
"152",609885,"DEWEY"
"153",609887,"DIXON"
"154",609888,"DODGE"
"155",609891,"DOOLITTLE"
"156",609893,"DORE"
"157",609894,"DRAKE"
"158",609895,"TURNER-DREW"
"159",609896,"DRUMMOND"
"160",609897,"EARLE"
"161",609898,"EBERHART"
"162",609899,"EBINGER"
"163",609900,"CURTIS"
"164",609901,"EDGEBROOK"
"165",609902,"METCALFE"
"166",609903,"EDWARDS"
"167",609904,"ELLINGTON"
"168",609907,"ERICSON"
"169",609908,"ESMOND"
"170",609909,"EVERETT"
"171",609910,"FALCONER"
"172",609912,"FARNSWORTH"
"173",609917,"FERNWOOD"
"174",609918,"FIELD"
"175",609919,"FISKE"
"176",609920,"KANOON"
"177",609921,"TELPOCHCALLI"
"178",609922,"BELMONT-CRAGIN"
"179",609924,"FORT DEARBORN"
"180",609925,"KELLMAN"
"181",609926,"FRANKLIN"
"182",609927,"FOSTER PARK"
"183",609928,"FULLER"
"184",609929,"FULTON"
"185",609930,"FUNSTON"
"186",609933,"GALE"
"187",609935,"GALLISTEL"
"188",609937,"GARVY"
"189",609938,"GARY"
"190",609939,"GILLESPIE"
"191",609941,"RANDOLPH"
"192",609942,"GOETHE"
"193",609943,"GOMPERS"
"194",609944,"GRISSOM"
"195",609945,"GOUDY"
"196",609947,"GRAHAM"
"197",609949,"GRAY"
"198",609950,"ORTIZ DE DOMINGUEZ"
"199",609951,"ARIEL"
"200",609952,"GREENE"
"201",609954,"GREGORY"
"202",609955,"GRESHAM"
"203",609956,"GRIMES"
"204",609958,"GUNSAULUS"
"205",609959,"HAINES"
"206",609960,"HALE"
"207",609961,"HEROES"
"208",609963,"HAMILTON"
"209",609964,"HAMLINE"
"210",609966,"HAMMOND"
"211",609967,"FINKL"
"212",609968,"MCAULIFFE"
"213",609969,"HARTE"
"214",609971,"HARVARD"
"215",609972,"HAUGAN"
"216",609973,"ZAPATA"
"217",609974,"HAWTHORNE"
"218",609975,"HAY"
"219",609976,"HAYT"
"220",609977,"WOODLAWN"
"221",609978,"SMITH"
"222",609979,"HEALY"
"223",609981,"HEARST"
"224",609983,"HEDGES"
"225",609985,"HEFFERAN"
"226",609986,"HENDERSON"
"227",609987,"HENDRICKS"
"228",609988,"HENRY"
"229",609990,"SOUTH LOOP"
"230",609991,"HERZL"
"231",609993,"LARA"
"232",609994,"HIBBARD"
"233",609995,"HITCH"
"234",609996,"HOLDEN"
"235",609997,"HOLMES"
"236",610000,"HOWE"
"237",610002,"HOYNE"
"238",610003,"CUFFE"
"239",610004,"CULLEN"
"240",610005,"HUGHES"
"241",610006,"HURLEY"
"242",610009,"GALILEO"
"243",610010,"JAHN"
"244",610011,"JAMIESON"
"245",610012,"JENNER"
"246",610013,"PILSEN"
"247",610015,"JUNGMAN"
"248",610016,"KELLOGG"
"249",610017,"SAUCEDO"
"250",610018,"CANTER"
"251",610019,"KERSHAW"
"252",610021,"CASALS"
"253",610022,"KILMER"
"254",610024,"CARDENAS"
"255",610026,"KINZIE"
"256",610027,"KIPLING"
"257",610029,"LOZANO ES"
"258",610030,"KOZMINSKI"
"259",610032,"GREEN"
"260",610033,"LASALLE"
"261",610034,"LAWNDALE"
"262",610036,"LEWIS"
"263",610037,"LIBBY"
"264",610038,"LINCOLN"
"265",610039,"VON LINNE"
"266",610040,"LLOYD"
"267",610041,"LOCKE"
"268",610043,"LOVETT"
"269",610044,"LOWELL"
"270",610046,"LYON"
"271",610047,"MADISON"
"272",610048,"MANIERRE"
"273",610051,"NORTHWEST"
"274",610052,"MANN"
"275",610053,"MARQUETTE"
"276",610054,"MARSH"
"277",610055,"FARADAY"
"278",610056,"MASON"
"279",610057,"FAIRFIELD"
"280",610059,"MAYER"
"281",610060,"JACKSON"
"282",610062,"MCCLELLAN"
"283",610063,"MCCORMICK"
"284",610065,"TILL"
"285",610066,"MCDADE"
"286",610067,"MCKAY"
"287",610068,"HANSON PARK"
"288",610070,"MCPHERSON"
"289",610073,"MITCHELL"
"290",610074,"MONROE"
"291",610075,"MONTEFIORE"
"292",610076,"MOOS"
"293",610077,"MORRILL"
"294",610078,"INTER-AMERICAN"
"295",610081,"SHERIDAN"
"296",610082,"MOUNT GREENWOOD"
"297",610083,"BEARD"
"298",610084,"KELLER"
"299",610086,"MOUNT VERNON"
"300",610087,"BLAIR"
"301",610088,"MOZART"
"302",610089,"MURPHY"
"303",610090,"MURRAY"
"304",610091,"BROWN"
"305",610092,"NASH"
"306",610093,"NEIL"
"307",610094,"NETTELHORST"
"308",610095,"NEWBERRY"
"309",610096,"NIGHTINGALE"
"310",610097,"NIXON"
"311",610098,"NOBEL"
"312",610099,"NORWOOD PARK"
"313",610100,"WEST PARK"
"314",610101,"OGDEN"
"315",610102,"OGLESBY"
"316",610103,"O\u0027KEEFFE"
"317",610104,"ONAHAN"
"318",610105,"ORIOLE PARK"
"319",610106,"PICCOLO"
"320",610107,"OTIS"
"321",610108,"O\u0027TOOLE"
"322",610109,"OWEN"
"323",610110,"WELLS"
"324",610111,"PALMER"
"325",610112,"PARKER"
"326",610115,"PARK MANOR"
"327",610116,"PARKSIDE"
"328",610117,"PASTEUR"
"329",610120,"PECK"
"330",610121,"IRVING"
"331",610122,"PEIRCE"
"332",610123,"PENN"
"333",610124,"WASHINGTON"
"334",610125,"RUIZ"
"335",610126,"PERSHING"
"336",610127,"PETERSON"
"337",610128,"GARVEY"
"338",610129,"PICKARD"
"339",610130,"PIRIE"
"340",610131,"PLAMONDON"
"341",610132,"POE"
"342",610133,"WARD"
"343",610135,"PORTAGE PARK"
"344",610136,"PRESCOTT"
"345",610137,"PRUSSING"
"346",610138,"PULASKI"
"347",610139,"PULLMAN"
"348",610141,"RAVENSWOOD"
"349",610142,"RAY"
"350",610143,"REAVIS"
"351",610144,"REILLY"
"352",610145,"REINBERG"
"353",610146,"REVERE"
"354",610147,"ROGERS"
"355",610148,"CHAVEZ"
"356",610152,"RUGGLES"
"357",610153,"RYDER"
"358",610155,"SAUGANASH"
"359",610157,"SAWYER"
"360",610158,"SAYRE"
"361",610159,"SCAMMON"
"362",610163,"STOCK"
"363",610165,"SCHUBERT"
"364",610167,"SEWARD"
"365",610170,"COLUMBIA EXPLORERS"
"366",610171,"MIRELES"
"367",610172,"SHERMAN"
"368",610173,"SHERWOOD"
"369",610174,"SHIELDS"
"370",610175,"SHOESMITH"
"371",610176,"SHOOP"
"372",610177,"SKINNER"
"373",610178,"SCHMID"
"374",610179,"SMYSER"
"375",610180,"SMYTH"
"376",610182,"SOLOMON"
"377",610183,"SPENCER TECH ACAD"
"378",610184,"SPRY"
"379",610185,"STEVENSON"
"380",610188,"DUNNE TECH ACAD"
"381",610191,"STONE"
"382",610192,"STOWE"
"383",610193,"NEW SULLIVAN"
"384",610194,"SUMNER"
"385",610195,"SUTHERLAND"
"386",610196,"SWIFT"
"387",610197,"TALCOTT"
"388",610198,"TAYLOR"
"389",610199,"COLEMON"
"390",610200,"THORP"
"391",610201,"THORP"
"392",610202,"TILTON"
"393",610203,"TONTI"
"394",610206,"TWAIN"
"395",610207,"VANDERPOEL"
"396",610208,"LAVIZZO"
"397",610209,"VOLTA"
"398",610212,"ALBANY PARK"
"399",610213,"WADSWORTH"
"400",610215,"MADERO"
"401",610216,"WALSH"
"402",610217,"WARD"
"403",610218,"WARREN"
"404",610219,"WASHINGTON"
"405",610220,"WATERS"
"406",610221,"WEBSTER"
"407",610223,"WENTWORTH"
"408",610225,"WHISTLER"
"409",610226,"SANDOVAL"
"410",610227,"WHITNEY"
"411",610228,"WHITTIER"
"412",610229,"PRITZKER"
"413",610230,"WILDWOOD"
"414",610231,"NATIONAL TEACHERS"
"415",610234,"YATES"
"416",610235,"YOUNG"
"417",610237,"BEETHOVEN"
"418",610238,"BOND"
"419",610239,"DALEY"
"420",610242,"BRENNEMANN"
"421",610244,"CLARK HS"
"422",610245,"DOUGLASS HS"
"423",610246,"BEASLEY"
"424",610248,"CHGO ACAD ES"
"425",610249,"TALMAN"
"426",610250,"SALAZAR"
"427",610251,"CATHER"
"428",610252,"DETT"
"429",610254,"DVORAK TECH ACAD"
"430",610256,"ROBINSON"
"431",610257,"MORTON"
"432",610263,"DULLES"
"433",610268,"ASHE"
"434",610269,"MCCUTCHEON"
"435",610271,"JENSEN"
"436",610274,"JOHNSON"
"437",610276,"MOLLISON"
"438",610279,"TANNER"
"439",610281,"POWELL"
"440",610282,"MCNAIR"
"441",610284,"NEW FIELD"
"442",610287,"ASHBURN"
"443",610290,"MAYS"
"444",610291,"LEE"
"445",610293,"MELODY"
"446",610295,"HIGGINS"
"447",610297,"SCHOOL OF LEADRSHP HS"
"448",610298,"LENART"
"449",610299,"HINTON"
"450",610300,"WESTCOTT"
"451",610304,"PHOENIX MILITARY HS"
"452",610305,"LELAND"
"453",610308,"RUDOLPH"
"454",610312,"MCDOWELL"
"455",610313,"DIEGO"
"456",610315,"WHITE"
"457",610316,"EARHART"
"458",610317,"BRIGHTON PARK"
"459",610319,"EVERGREEN"
"460",610321,"MARSHALL"
"461",610323,"BOWEN HS"
"462",610325,"LOGANDALE"
"463",610329,"OROZCO"
"464",610334,"RABY HS"
"465",610339,"STAGG"
"466",610340,"CHGO ACAD HS"
"467",610342,"SABIN"
"468",610345,"WOODSON"
"469",610347,"CLAREMONT"
"470",610350,"BLACK"
"471",610352,"DURKIN PARK"
"472",610353,"CALMECA"
"473",610354,"NORTH RIVER"
"474",610355,"COURTENAY"
"475",610362,"EVERS"
"476",610363,"DISNEY"
"477",610364,"DUBOIS"
"478",610366,"WACKER"
"479",610367,"DE PRIEST"
"480",610368,"HUGHES"
"481",610369,"JACKSON"
"482",610380,"WILLIAMS"
"483",610381,"BRONZEVILLE HS"
"484",610383,"GREATER LAWNDALE HS"
"485",610384,"INFINITY HS"
"486",610385,"MULTICULTURAL ACAD SCHOLARSHIP"
"487",610389,"ORR HS"
"488",610390,"RICKOVER HS"
"489",610391,"LINDBLOM HS"
"490",610392,"WORLD LANGUAGE HS"
"491",610394,"UPLIFT HS"
"492",610396,"TARKINGTON"
"493",610402,"DEVRY HS"
"494",610405,"SUDER"
"495",610499,"COLLINS HS"
"496",610501,"AUSTIN POLY HS"
"497",610502,"MARINE MILITARY HS"
"498",610503,"FRAZIER PROSPECTIVE"
"499",610504,"THOMAS"
"500",610506,"TEAM HS"
"501",610513,"AIR FORCE HS"
"502",610515,"DISNEY II"
"503",610518,"VOISE HS"
"504",610520,"LASALLE II"
"505",610521,"DAVIS"
"506",610523,"EDISON PARK"
"507",610532,"HERNANDEZ"
"508",610533,"PRIETO"
"509",610539,"CAMRAS"
"510",610541,"LORCA"
"511",610542,"WEST RIDGE"
"512",610544,"AZUELA"
"513",609674,"CHICAGO VOCATIONAL HS"
"514",609676,"DUNBAR HS"
"515",609678,"JONES HS"
"516",609679,"PROSSER HS"
"517",609680,"PAYTON HS"
"518",609682,"RICHARDS HS"
"519",609691,"NORTH-GRAND HS"
"520",609692,"SIMEON HS"
"521",609693,"WESTINGHOUSE HS"
"522",609694,"HANCOCK HS"
"523",609695,"AMUNDSEN HS"
"524",609698,"BOGAN HS"
"525",609704,"FARRAGUT HS"
"526",609705,"FENGER HS"
"527",609707,"ROBESON HS"
"528",609708,"FOREMAN HS"
"529",609709,"GAGE PARK HS"
"530",609710,"HARLAN HS"
"531",609711,"HARPER HS"
"532",609712,"HIRSCH HS"
"533",609713,"HYDE PARK HS"
"534",609715,"KELLY HS"
"535",609716,"KELVYN PARK HS"
"536",609718,"KENNEDY HS"
"537",609719,"LAKE VIEW HS"
"538",609720,"LANE TECH HS"
"539",609722,"MANLEY HS"
"540",609723,"MARSHALL HS"
"541",609724,"MATHER HS"
"542",609725,"MORGAN PARK HS"
"543",609726,"BROOKS HS"
"544",609727,"PHILLIPS HS"
"545",609728,"ROOSEVELT HS"
"546",609729,"SCHURZ HS"
"547",609730,"SENN HS"
"548",609732,"STEINMETZ HS"
"549",609733,"SULLIVAN HS"
"550",609734,"TAFT HS"
"551",609735,"TILDEN HS"
"552",609737,"VON STEUBEN HS"
"553",609738,"LINCOLN PARK HS"
"554",609739,"WASHINGTON HS"
"555",609740,"WELLS HS"
"556",609741,"HUBBARD HS"
"557",609744,"NORTHSIDE LEARNING HS"
"558",609745,"SOUTHSIDE HS"
"559",609746,"KENWOOD HS"
"560",609748,"YORK HS"
"561",609749,"NORTHSIDE PREP HS"
"562",609750,"SIMPSON HS"
"563",609751,"KING HS"
"564",609753,"CHICAGO AGRICULTURE HS"
"565",609754,"CHICAGO MILITARY HS"
"566",609755,"YOUNG HS"
"567",609756,"CURIE HS"
"568",609759,"CLEMENTE HS"
"569",609760,"CARVER MILITARY HS"
"570",609761,"CORLISS HS"
"571",609762,"JULIAN HS"
"572",609764,"JUAREZ HS"
"573",609766,"VAUGHN HS"
"574",609768,"HOPE HS"
"575",609769,"GRAHAM HS"
"576",609772,"ADDAMS"
"577",609773,"AGASSIZ"
"578",609774,"ALCOTT ES"
"579",609777,"ARMOUR"
"580",609779,"ARMSTRONG G"
"581",609782,"AUDUBON"
"582",609783,"JEFFERSON HS"
"583",609786,"AVALON PARK"
"584",609788,"BARNARD"
"585",609789,"BARRY"
"586",609790,"BARTON"
"587",609791,"BASS"
"588",609792,"BATEMAN"
"589",609793,"NICHOLSON"
"590",609794,"EDISON"
"591",609795,"CLARK ES"
"592",609796,"BEAUBIEN"
"593",609797,"BEIDLER"
"594",609798,"BELDING"
"595",609799,"BELL"
"596",609800,"BENNETT"
"597",609803,"BLAINE"
"598",609804,"BOONE"
"599",609805,"JOPLIN"
"600",609806,"BRADWELL"
"601",609807,"HAMPTON"
"602",609808,"HALEY"
"603",609809,"BRENTANO"
"604",609810,"BRIDGE"
"605",609811,"BRIGHT"
"606",609812,"BROWN W"
"607",609813,"BROWNELL"
"608",609815,"BOUCHET"
"609",609817,"BUDLONG"
"610",609818,"BURBANK"
"611",609819,"BURKE"
"612",609820,"BURLEY"
"613",609821,"BURNHAM"
"614",609826,"CASTELLANOS"
"615",609827,"BURNSIDE"
"616",609828,"BURR"
"617",609829,"BURROUGHS"
"618",609830,"BRUNSON"
"619",609832,"BYRNE"
"620",609833,"CALDWELL"
"621",609834,"LITTLE VILLAGE"
"622",609835,"CAMERON"
"623",609836,"CANTY"
"624",609837,"CARNEGIE"
"625",609839,"CARROLL"
"626",609842,"CARSON"
"627",609844,"CARTER"
"628",609845,"CARVER G"
"629",609848,"ALDRIDGE"
"630",609849,"CASSELL"
"631",609850,"GREELEY"
"632",609851,"CHALMERS"
"633",609852,"CHAPPELL"
"634",609853,"CHASE"
"635",609854,"CHOPIN"
"636",609855,"CHRISTOPHER"
"637",609856,"CLAY"
"638",609857,"CLEVELAND"
"639",609859,"CLINTON"
"640",609861,"CLISSOLD"
"641",609862,"COLES"
"642",609863,"COLUMBUS"
"643",609864,"COOK"
"644",609865,"JORDAN"
"645",609866,"COONLEY"
"646",609867,"COOPER"
"647",609869,"LANGFORD"
"648",609870,"CORKERY"
"649",609871,"VICK"
"650",609872,"PEREZ"
"651",609873,"CROWN"
"652",609874,"DIRKSEN"
"653",609875,"DARWIN"
"654",609876,"DAVIS N"
"655",609879,"DAWES"
"656",609880,"DECATUR"
"657",609883,"DENEEN"
"658",609884,"DEVER"
"659",609885,"DEWEY"
"660",609887,"DIXON"
"661",609891,"DOOLITTLE"
"662",609893,"DORE"
"663",609894,"DRAKE"
"664",609895,"TURNER-DREW"
"665",609896,"DRUMMOND"
"666",609897,"EARLE"
"667",609898,"EBERHART"
"668",609899,"EBINGER"
"669",609900,"CURTIS"
"670",609901,"EDGEBROOK"
"671",609902,"METCALFE"
"672",609903,"EDWARDS"
"673",609904,"ELLINGTON"
"674",609907,"ERICSON"
"675",609908,"ESMOND"
"676",609909,"EVERETT"
"677",609910,"FALCONER"
"678",609912,"FARNSWORTH"
"679",609917,"FERNWOOD"
"680",609918,"FIELD"
"681",609919,"FISKE"
"682",609920,"KANOON"
"683",609921,"TELPOCHCALLI"
"684",609922,"BELMONT-CRAGIN"
"685",609924,"FORT DEARBORN"
"686",609925,"KELLMAN"
"687",609926,"FRANKLIN"
"688",609927,"FOSTER PARK"
"689",609928,"FULLER"
"690",609929,"FULTON"
"691",609930,"FUNSTON"
"692",609933,"GALE"
"693",609935,"GALLISTEL"
"694",609937,"GARVY"
"695",609938,"GARY"
"696",609939,"GILLESPIE"
"697",609941,"RANDOLPH"
"698",609942,"GOETHE"
"699",609943,"OWENS"
"700",609944,"GRISSOM"
"701",609945,"GOUDY"
"702",609947,"GRAHAM ES"
"703",609949,"GRAY"
"704",609950,"ORTIZ DE DOMINGUEZ"
"705",609951,"ARIEL"
"706",609952,"GREENE"
"707",609954,"GREGORY"
"708",609955,"GRESHAM"
"709",609956,"GRIMES"
"710",609958,"GUNSAULUS"
"711",609959,"HAINES"
"712",609960,"HALE"
"713",609961,"NINOS HEROES"
"714",609963,"HAMILTON"
"715",609964,"HAMLINE"
"716",609966,"HAMMOND"
"717",609967,"FINKL"
"718",609968,"MCAULIFFE"
"719",609969,"HARTE"
"720",609971,"HARVARD"
"721",609972,"HAUGAN"
"722",609973,"ZAPATA"
"723",609974,"HAWTHORNE"
"724",609975,"HAY"
"725",609976,"HAYT"
"726",609977,"WOODLAWN"
"727",609978,"SMITH"
"728",609979,"HEALY"
"729",609981,"HEARST"
"730",609983,"HEDGES"
"731",609985,"HEFFERAN"
"732",609986,"HENDERSON"
"733",609987,"HENDRICKS"
"734",609988,"HENRY"
"735",609990,"SOUTH LOOP"
"736",609991,"HERZL"
"737",609993,"LARA"
"738",609994,"HIBBARD"
"739",609995,"HITCH"
"740",609996,"HOLDEN"
"741",609997,"HOLMES"
"742",610000,"HOWE"
"743",610002,"HOYNE"
"744",610003,"CUFFE"
"745",610004,"CULLEN"
"746",610005,"HUGHES C"
"747",610006,"HURLEY"
"748",610009,"GALILEO"
"749",610010,"JAHN"
"750",610011,"JAMIESON"
"751",610012,"JENNER"
"752",610013,"PILSEN"
"753",610015,"JUNGMAN"
"754",610016,"KELLOGG"
"755",610017,"SAUCEDO"
"756",610019,"KERSHAW"
"757",610021,"CASALS"
"758",610022,"KILMER"
"759",610024,"CARDENAS"
"760",610026,"KINZIE"
"761",610027,"KIPLING"
"762",610029,"LOZANO"
"763",610030,"KOZMINSKI"
"764",610032,"GREEN"
"765",610033,"LASALLE"
"766",610034,"LAWNDALE"
"767",610036,"LEWIS"
"768",610037,"LIBBY"
"769",610038,"LINCOLN"
"770",610039,"VON LINNE"
"771",610040,"LLOYD"
"772",610041,"LOCKE J"
"773",610043,"LOVETT"
"774",610044,"LOWELL"
"775",610046,"LYON"
"776",610047,"MADISON"
"777",610048,"MANIERRE"
"778",610051,"NORTHWEST"
"779",610052,"MANN"
"780",610053,"MARQUETTE"
"781",610054,"MARSH"
"782",610055,"FARADAY"
"783",610056,"MASON"
"784",610057,"FAIRFIELD"
"785",610059,"MAYER"
"786",610060,"JACKSON A"
"787",610062,"MCCLELLAN"
"788",610063,"MCCORMICK"
"789",610065,"TILL"
"790",610066,"MCDADE"
"791",610067,"MCKAY"
"792",610068,"HANSON PARK"
"793",610070,"MCPHERSON"
"794",610073,"MITCHELL"
"795",610074,"MONROE"
"796",610076,"MOOS"
"797",610077,"MORRILL"
"798",610078,"INTER-AMERICAN"
"799",610081,"SHERIDAN"
"800",610082,"MOUNT GREENWOOD"
"801",610083,"BEARD"
"802",610084,"KELLER"
"803",610086,"MOUNT VERNON"
"804",610087,"BLAIR"
"805",610088,"MOZART"
"806",610089,"MURPHY"
"807",610090,"MURRAY"
"808",610091,"BROWN R"
"809",610092,"NASH"
"810",610093,"NEIL"
"811",610094,"NETTELHORST"
"812",610095,"NEWBERRY"
"813",610096,"NIGHTINGALE"
"814",610097,"NIXON"
"815",610098,"NOBEL"
"816",610099,"NORWOOD PARK"
"817",610100,"WEST PARK"
"818",610101,"OGDEN ES"
"819",610102,"OGLESBY"
"820",610103,"OKEEFFE"
"821",610104,"ONAHAN"
"822",610105,"ORIOLE PARK"
"823",610106,"PICCOLO"
"824",610107,"OTIS"
"825",610108,"OTOOLE"
"826",610109,"OWEN"
"827",610110,"WELLS ES"
"828",610111,"PALMER"
"829",610112,"PARKER"
"830",610115,"PARK MANOR"
"831",610116,"PARKSIDE"
"832",610117,"PASTEUR"
"833",610120,"PECK"
"834",610121,"IRVING"
"835",610122,"PEIRCE"
"836",610123,"PENN"
"837",610124,"WASHINGTON H ES"
"838",610125,"RUIZ"
"839",610126,"PERSHING"
"840",610127,"PETERSON"
"841",610128,"GARVEY"
"842",610129,"PICKARD"
"843",610130,"PIRIE"
"844",610131,"PLAMONDON"
"845",610132,"POE"
"846",610133,"WARD L"
"847",610135,"PORTAGE PARK"
"848",610136,"PRESCOTT"
"849",610137,"PRUSSING"
"850",610138,"PULASKI"
"851",610139,"PULLMAN"
"852",610141,"RAVENSWOOD"
"853",610142,"RAY"
"854",610143,"REAVIS"
"855",610144,"REILLY"
"856",610145,"REINBERG"
"857",610146,"REVERE"
"858",610147,"ROGERS"
"859",610148,"CHAVEZ"
"860",610152,"RUGGLES"
"861",610153,"RYDER"
"862",610155,"SAUGANASH"
"863",610157,"SAWYER"
"864",610158,"SAYRE"
"865",610159,"SCAMMON"
"866",610163,"STOCK"
"867",610165,"SCHUBERT"
"868",610167,"SEWARD"
"869",610170,"COLUMBIA EXPLORERS"
"870",610171,"MIRELES"
"871",610172,"SHERMAN"
"872",610173,"SHERWOOD"
"873",610174,"SHIELDS"
"874",610175,"SHOESMITH"
"875",610176,"SHOOP"
"876",610177,"SKINNER"
"877",610178,"SCHMID"
"878",610179,"SMYSER"
"879",610180,"SMYTH"
"880",610182,"SOLOMON"
"881",610183,"SPENCER"
"882",610184,"SPRY ES"
"883",610185,"STEVENSON"
"884",610188,"DUNNE"
"885",610191,"STONE"
"886",610192,"STOWE"
"887",610193,"NEW SULLIVAN"
"888",610194,"SUMNER"
"889",610195,"SUTHERLAND"
"890",610196,"SWIFT"
"891",610197,"TALCOTT"
"892",610198,"TAYLOR"
"893",610199,"COLEMON"
"894",610200,"THORP J"
"895",610201,"THORP O"
"896",610202,"TILTON"
"897",610203,"TONTI"
"898",610206,"TWAIN"
"899",610207,"VANDERPOEL"
"900",610208,"LAVIZZO"
"901",610209,"VOLTA"
"902",610212,"ALBANY PARK"
"903",610213,"WADSWORTH"
"904",610215,"MADERO"
"905",610216,"WALSH"
"906",610217,"WARD J"
"907",610218,"WARREN"
"908",610219,"WASHINGTON G ES"
"909",610220,"WATERS"
"910",610221,"WEBSTER"
"911",610223,"WENTWORTH"
"912",610225,"WHISTLER"
"913",610226,"SANDOVAL"
"914",610227,"WHITNEY"
"915",610228,"WHITTIER"
"916",610229,"PRITZKER"
"917",610230,"WILDWOOD"
"918",610231,"NATIONAL TEACHERS"
"919",610234,"YATES"
"920",610235,"YOUNG ES"
"921",610237,"BEETHOVEN"
"922",610238,"BOND"
"923",610239,"DALEY"
"924",610242,"BRENNEMANN"
"925",610244,"CLARK HS"
"926",610245,"DOUGLASS HS"
"927",610246,"BEASLEY"
"928",610248,"CHICAGO ACADEMY ES"
"929",610249,"TALMAN"
"930",610250,"SALAZAR"
"931",610251,"CATHER"
"932",610252,"DETT"
"933",610254,"DVORAK"
"934",610256,"ROBINSON"
"935",610257,"MORTON"
"936",610263,"DULLES"
"937",610268,"ASHE"
"938",610269,"MCCUTCHEON"
"939",610271,"JENSEN"
"940",610274,"JOHNSON"
"941",610276,"MOLLISON"
"942",610279,"TANNER"
"943",610281,"POWELL"
"944",610282,"MCNAIR"
"945",610284,"NEW FIELD"
"946",610287,"ASHBURN"
"947",610290,"MAYS"
"948",610291,"LEE"
"949",610293,"MELODY"
"950",610295,"HIGGINS"
"951",610298,"LENART"
"952",610299,"KING ES"
"953",610300,"WESTCOTT"
"954",610304,"PHOENIX MILITARY HS"
"955",610305,"LELAND"
"956",610308,"RUDOLPH"
"957",610312,"MCDOWELL"
"958",610313,"DE DIEGO"
"959",610315,"WHITE"
"960",610316,"EARHART"
"961",610317,"BRIGHTON PARK"
"962",610319,"EVERGREEN"
"963",610321,"MARSHALL MIDDLE"
"964",610323,"BOWEN HS"
"965",610325,"LOGANDALE"
"966",610329,"OROZCO"
"967",610334,"RABY HS"
"968",610339,"STAGG"
"969",610340,"CHICAGO ACADEMY HS"
"970",610342,"SABIN"
"971",610345,"WOODSON"
"972",610347,"CLAREMONT"
"973",610350,"BLACK"
"974",610352,"DURKIN PARK"
"975",610353,"CALMECA"
"976",610354,"NORTH RIVER"
"977",610355,"COURTENAY"
"978",610362,"EVERS"
"979",610363,"DISNEY"
"980",610364,"DUBOIS"
"981",610366,"WACKER"
"982",610367,"DEPRIEST"
"983",610368,"HUGHES L"
"984",610369,"JACKSON M"
"985",610380,"WILLIAMS HS"
"986",610381,"BRONZEVILLE HS"
"987",610383,"SOCIAL JUSTICE HS"
"988",610384,"INFINITY HS"
"989",610385,"MULTICULTURAL HS"
"990",610389,"ORR HS"
"991",610390,"RICKOVER MILITARY HS"
"992",610391,"LINDBLOM HS"
"993",610392,"WORLD LANGUAGE HS"
"994",610394,"UPLIFT HS"
"995",610396,"TARKINGTON"
"996",610402,"DEVRY HS"
"997",610405,"SUDER"
"998",610499,"COLLINS HS"
"999",610503,"FRAZIER PROSPECTIVE"
"1000",610504,"THOMAS"
"1001",610506,"TEAM HS"
"1002",610513,"AIR FORCE HS"
"1003",610515,"DISNEY II ES"
"1004",610518,"VOISE HS"
"1005",610520,"LASALLE II"
"1006",610521,"DAVIS M"
"1007",610523,"EDISON PARK"
"1008",610530,"SOUTH SHORE ES"
"1009",610532,"HERNANDEZ"
"1010",610533,"PRIETO"
"1011",610534,"SKINNER NORTH"
"1012",610539,"CAMRAS"
"1013",610541,"LORCA"
"1014",610542,"WEST RIDGE"
"1015",610543,"SOLORIO HS"
"1016",610544,"AZUELA"
"1017",610547,"SOUTH SHORE INTL HS"
"1018",610548,"STEM"
"1019",610559,"SHIELDS MIDDLE"
"1020",609674,"CHICAGO VOCATIONAL HS"
"1021",609676,"DUNBAR HS"
"1022",609678,"JONES HS"
"1023",609679,"PROSSER HS"
"1024",609680,"PAYTON HS"
"1025",609682,"RICHARDS HS"
"1026",609691,"NORTH-GRAND HS"
"1027",609692,"SIMEON HS"
"1028",609693,"WESTINGHOUSE HS"
"1029",609694,"HANCOCK HS"
"1030",609695,"AMUNDSEN HS"
"1031",609698,"BOGAN HS"
"1032",609704,"FARRAGUT HS"
"1033",609705,"FENGER HS"
"1034",609707,"ROBESON HS"
"1035",609708,"FOREMAN HS"
"1036",609709,"GAGE PARK HS"
"1037",609710,"HARLAN HS"
"1038",609711,"HARPER HS"
"1039",609712,"HIRSCH HS"
"1040",609713,"HYDE PARK HS"
"1041",609715,"KELLY HS"
"1042",609716,"KELVYN PARK HS"
"1043",609718,"KENNEDY HS"
"1044",609719,"LAKE VIEW HS"
"1045",609720,"LANE TECH HS"
"1046",609722,"MANLEY HS"
"1047",609723,"MARSHALL HS"
"1048",609724,"MATHER HS"
"1049",609725,"MORGAN PARK HS"
"1050",609726,"BROOKS HS"
"1051",609727,"PHILLIPS HS"
"1052",609728,"ROOSEVELT HS"
"1053",609729,"SCHURZ HS"
"1054",609730,"SENN HS"
"1055",609732,"STEINMETZ HS"
"1056",609733,"SULLIVAN HS"
"1057",609734,"TAFT HS"
"1058",609735,"TILDEN HS"
"1059",609737,"VON STEUBEN HS"
"1060",609738,"LINCOLN PARK HS"
"1061",609739,"WASHINGTON HS"
"1062",609740,"WELLS HS"
"1063",609741,"HUBBARD HS"
"1064",609744,"NORTHSIDE LEARNING HS"
"1065",609745,"SOUTHSIDE HS"
"1066",609746,"KENWOOD HS"
"1067",609748,"YORK HS"
"1068",609749,"NORTHSIDE PREP HS"
"1069",609750,"SIMPSON HS"
"1070",609751,"KING HS"
"1071",609753,"CHICAGO AGRICULTURE HS"
"1072",609754,"CHICAGO MILITARY HS"
"1073",609755,"YOUNG HS"
"1074",609756,"CURIE HS"
"1075",609759,"CLEMENTE HS"
"1076",609760,"CARVER MILITARY HS"
"1077",609761,"CORLISS HS"
"1078",609762,"JULIAN HS"
"1079",609764,"JUAREZ HS"
"1080",609766,"VAUGHN HS"
"1081",609768,"HOPE HS"
"1082",609769,"GRAHAM HS"
"1083",609772,"ADDAMS"
"1084",609773,"AGASSIZ"
"1085",609774,"ALCOTT ES"
"1086",609777,"ARMOUR"
"1087",609779,"ARMSTRONG G"
"1088",609780,"MARINE LEADERSHIP AT AMES HS"
"1089",609782,"AUDUBON"
"1090",609783,"JEFFERSON HS"
"1091",609786,"AVALON PARK"
"1092",609788,"BARNARD"
"1093",609789,"BARRY"
"1094",609790,"BARTON"
"1095",609791,"BASS"
"1096",609792,"BATEMAN"
"1097",609793,"NICHOLSON"
"1098",609794,"EDISON"
"1099",609795,"CLARK ES"
"1100",609796,"BEAUBIEN"
"1101",609797,"BEIDLER"
"1102",609798,"BELDING"
"1103",609799,"BELL"
"1104",609800,"BENNETT"
"1105",609803,"BLAINE"
"1106",609804,"BOONE"
"1107",609805,"JOPLIN"
"1108",609806,"BRADWELL"
"1109",609807,"HAMPTON"
"1110",609808,"HALEY"
"1111",609809,"BRENTANO"
"1112",609810,"BRIDGE"
"1113",609811,"BRIGHT"
"1114",609812,"BROWN W"
"1115",609813,"BROWNELL"
"1116",609815,"BOUCHET"
"1117",609817,"BUDLONG"
"1118",609818,"BURBANK"
"1119",609819,"BURKE"
"1120",609820,"BURLEY"
"1121",609821,"BURNHAM"
"1122",609826,"CASTELLANOS"
"1123",609827,"BURNSIDE"
"1124",609828,"BURR"
"1125",609829,"BURROUGHS"
"1126",609830,"BRUNSON"
"1127",609832,"BYRNE"
"1128",609833,"CALDWELL"
"1129",609834,"LITTLE VILLAGE"
"1130",609835,"CAMERON"
"1131",609836,"CANTY"
"1132",609837,"CARNEGIE"
"1133",609839,"CARROLL"
"1134",609842,"CARSON"
"1135",609844,"CARTER"
"1136",609845,"CARVER G"
"1137",609848,"ALDRIDGE"
"1138",609849,"CASSELL"
"1139",609850,"GREELEY"
"1140",609851,"CHALMERS"
"1141",609852,"CHAPPELL"
"1142",609853,"CHASE"
"1143",609854,"CHOPIN"
"1144",609855,"CHRISTOPHER"
"1145",609856,"CLAY"
"1146",609857,"CLEVELAND"
"1147",609859,"CLINTON"
"1148",609861,"CLISSOLD"
"1149",609862,"COLES"
"1150",609863,"COLUMBUS"
"1151",609864,"COOK"
"1152",609865,"JORDAN"
"1153",609866,"COONLEY"
"1154",609867,"COOPER"
"1155",609869,"LANGFORD"
"1156",609870,"CORKERY"
"1157",609871,"VICK"
"1158",609872,"PEREZ"
"1159",609873,"CROWN"
"1160",609874,"DIRKSEN"
"1161",609875,"DARWIN"
"1162",609876,"DAVIS N"
"1163",609879,"DAWES"
"1164",609880,"DECATUR"
"1165",609883,"DENEEN"
"1166",609884,"DEVER"
"1167",609885,"DEWEY"
"1168",609887,"DIXON"
"1169",609891,"DOOLITTLE"
"1170",609893,"DORE"
"1171",609894,"DRAKE"
"1172",609895,"TURNER-DREW"
"1173",609896,"DRUMMOND"
"1174",609897,"EARLE"
"1175",609898,"EBERHART"
"1176",609899,"EBINGER"
"1177",609900,"CURTIS"
"1178",609901,"EDGEBROOK"
"1179",609902,"METCALFE"
"1180",609903,"EDWARDS"
"1181",609904,"ELLINGTON"
"1182",609907,"ERICSON"
"1183",609908,"ESMOND"
"1184",609909,"EVERETT"
"1185",609910,"FALCONER"
"1186",609912,"FARNSWORTH"
"1187",609917,"FERNWOOD"
"1188",609918,"FIELD"
"1189",609919,"FISKE"
"1190",609920,"KANOON"
"1191",609921,"TELPOCHCALLI"
"1192",609922,"BELMONT-CRAGIN"
"1193",609924,"FORT DEARBORN"
"1194",609925,"KELLMAN"
"1195",609926,"FRANKLIN"
"1196",609927,"FOSTER PARK"
"1197",609928,"FULLER"
"1198",609929,"FULTON"
"1199",609930,"FUNSTON"
"1200",609933,"GALE"
"1201",609935,"GALLISTEL"
"1202",609937,"GARVY"
"1203",609938,"GARY"
"1204",609939,"GILLESPIE"
"1205",609941,"RANDOLPH"
"1206",609942,"GOETHE"
"1207",609943,"OWENS"
"1208",609944,"GRISSOM"
"1209",609945,"GOUDY"
"1210",609947,"GRAHAM ES"
"1211",609949,"GRAY"
"1212",609950,"ORTIZ DE DOMINGUEZ"
"1213",609951,"ARIEL"
"1214",609952,"GREENE"
"1215",609954,"GREGORY"
"1216",609955,"GRESHAM"
"1217",609956,"GRIMES"
"1218",609958,"GUNSAULUS"
"1219",609959,"HAINES"
"1220",609960,"HALE"
"1221",609961,"NINOS HEROES"
"1222",609963,"HAMILTON"
"1223",609964,"HAMLINE"
"1224",609966,"HAMMOND"
"1225",609967,"FINKL"
"1226",609968,"MCAULIFFE"
"1227",609969,"HARTE"
"1228",609971,"HARVARD"
"1229",609972,"HAUGAN"
"1230",609973,"ZAPATA"
"1231",609974,"HAWTHORNE"
"1232",609975,"HAY"
"1233",609976,"HAYT"
"1234",609977,"WOODLAWN"
"1235",609978,"SMITH"
"1236",609979,"HEALY"
"1237",609981,"HEARST"
"1238",609983,"HEDGES"
"1239",609985,"HEFFERAN"
"1240",609986,"HENDERSON"
"1241",609987,"HENDRICKS"
"1242",609988,"HENRY"
"1243",609990,"SOUTH LOOP"
"1244",609991,"HERZL"
"1245",609993,"LARA"
"1246",609994,"HIBBARD"
"1247",609995,"HITCH"
"1248",609996,"HOLDEN"
"1249",609997,"HOLMES"
"1250",610000,"HOWE"
"1251",610002,"HOYNE"
"1252",610003,"CUFFE"
"1253",610004,"CULLEN"
"1254",610005,"HUGHES C"
"1255",610006,"HURLEY"
"1256",610009,"GALILEO"
"1257",610010,"JAHN"
"1258",610011,"JAMIESON"
"1259",610012,"JENNER"
"1260",610013,"PILSEN"
"1261",610015,"JUNGMAN"
"1262",610016,"KELLOGG"
"1263",610017,"SAUCEDO"
"1264",610019,"KERSHAW"
"1265",610021,"CASALS"
"1266",610022,"KILMER"
"1267",610024,"CARDENAS"
"1268",610026,"KINZIE"
"1269",610027,"KIPLING"
"1270",610029,"LOZANO"
"1271",610030,"KOZMINSKI"
"1272",610032,"GREEN"
"1273",610033,"LASALLE"
"1274",610034,"LAWNDALE"
"1275",610036,"LEWIS"
"1276",610037,"LIBBY"
"1277",610038,"LINCOLN"
"1278",610039,"VON LINNE"
"1279",610040,"LLOYD"
"1280",610041,"LOCKE J"
"1281",610043,"LOVETT"
"1282",610044,"LOWELL"
"1283",610046,"LYON"
"1284",610047,"MADISON"
"1285",610048,"MANIERRE"
"1286",610051,"NORTHWEST"
"1287",610052,"MANN"
"1288",610053,"MARQUETTE"
"1289",610054,"MARSH"
"1290",610055,"FARADAY"
"1291",610056,"MASON"
"1292",610057,"FAIRFIELD"
"1293",610059,"MAYER"
"1294",610060,"JACKSON A"
"1295",610062,"MCCLELLAN"
"1296",610063,"MCCORMICK"
"1297",610065,"TILL"
"1298",610066,"MCDADE"
"1299",610067,"MCKAY"
"1300",610068,"HANSON PARK"
"1301",610070,"MCPHERSON"
"1302",610073,"MITCHELL"
"1303",610074,"MONROE"
"1304",610076,"MOOS"
"1305",610077,"MORRILL"
"1306",610078,"INTER-AMERICAN"
"1307",610081,"SHERIDAN"
"1308",610082,"MOUNT GREENWOOD"
"1309",610083,"BEARD"
"1310",610084,"KELLER"
"1311",610086,"MOUNT VERNON"
"1312",610087,"BLAIR"
"1313",610088,"MOZART"
"1314",610089,"MURPHY"
"1315",610090,"MURRAY"
"1316",610091,"BROWN R"
"1317",610092,"NASH"
"1318",610093,"NEIL"
"1319",610094,"NETTELHORST"
"1320",610095,"NEWBERRY"
"1321",610096,"NIGHTINGALE"
"1322",610097,"NIXON"
"1323",610098,"NOBEL"
"1324",610099,"NORWOOD PARK"
"1325",610100,"WEST PARK"
"1326",610101,"OGDEN ES"
"1327",610102,"OGLESBY"
"1328",610103,"OKEEFFE"
"1329",610104,"ONAHAN"
"1330",610105,"ORIOLE PARK"
"1331",610106,"PICCOLO"
"1332",610107,"OTIS"
"1333",610108,"OTOOLE"
"1334",610109,"OWEN"
"1335",610110,"WELLS ES"
"1336",610111,"PALMER"
"1337",610112,"PARKER"
"1338",610115,"PARK MANOR"
"1339",610116,"PARKSIDE"
"1340",610117,"PASTEUR"
"1341",610120,"PECK"
"1342",610121,"IRVING"
"1343",610122,"PEIRCE"
"1344",610123,"PENN"
"1345",610124,"WASHINGTON H ES"
"1346",610125,"RUIZ"
"1347",610126,"PERSHING"
"1348",610127,"PETERSON"
"1349",610128,"GARVEY"
"1350",610129,"PICKARD"
"1351",610130,"PIRIE"
"1352",610131,"PLAMONDON"
"1353",610132,"POE"
"1354",610133,"WARD L"
"1355",610135,"PORTAGE PARK"
"1356",610136,"PRESCOTT"
"1357",610137,"PRUSSING"
"1358",610138,"PULASKI"
"1359",610139,"PULLMAN"
"1360",610141,"RAVENSWOOD"
"1361",610142,"RAY"
"1362",610143,"REAVIS"
"1363",610144,"REILLY"
"1364",610145,"REINBERG"
"1365",610146,"REVERE"
"1366",610147,"ROGERS"
"1367",610148,"CHAVEZ"
"1368",610152,"RUGGLES"
"1369",610153,"RYDER"
"1370",610155,"SAUGANASH"
"1371",610157,"SAWYER"
"1372",610158,"SAYRE"
"1373",610159,"SCAMMON"
"1374",610163,"STOCK"
"1375",610165,"SCHUBERT"
"1376",610167,"SEWARD"
"1377",610170,"COLUMBIA EXPLORERS"
"1378",610171,"MIRELES"
"1379",610172,"SHERMAN"
"1380",610173,"SHERWOOD"
"1381",610174,"SHIELDS"
"1382",610175,"SHOESMITH"
"1383",610176,"SHOOP"
"1384",610177,"SKINNER"
"1385",610178,"SCHMID"
"1386",610179,"SMYSER"
"1387",610180,"SMYTH"
"1388",610182,"SOLOMON"
"1389",610183,"SPENCER"
"1390",610184,"SPRY ES"
"1391",610185,"STEVENSON"
"1392",610188,"DUNNE"
"1393",610191,"STONE"
"1394",610192,"STOWE"
"1395",610193,"NEW SULLIVAN"
"1396",610194,"SUMNER"
"1397",610195,"SUTHERLAND"
"1398",610196,"SWIFT"
"1399",610197,"TALCOTT"
"1400",610198,"TAYLOR"
"1401",610199,"COLEMON"
"1402",610200,"THORP J"
"1403",610201,"THORP O"
"1404",610202,"TILTON"
"1405",610203,"TONTI"
"1406",610206,"TWAIN"
"1407",610207,"VANDERPOEL"
"1408",610208,"LAVIZZO"
"1409",610209,"VOLTA"
"1410",610212,"ALBANY PARK"
"1411",610213,"WADSWORTH"
"1412",610215,"MADERO"
"1413",610216,"WALSH"
"1414",610217,"WARD J"
"1415",610218,"WARREN"
"1416",610219,"WASHINGTON G ES"
"1417",610220,"WATERS"
"1418",610221,"WEBSTER"
"1419",610223,"WENTWORTH"
"1420",610225,"WHISTLER"
"1421",610226,"SANDOVAL"
"1422",610227,"WHITNEY"
"1423",610228,"WHITTIER"
"1424",610229,"PRITZKER"
"1425",610230,"WILDWOOD"
"1426",610231,"NATIONAL TEACHERS"
"1427",610234,"YATES"
"1428",610235,"YOUNG ES"
"1429",610237,"BEETHOVEN"
"1430",610238,"BOND"
"1431",610239,"DALEY"
"1432",610242,"BRENNEMANN"
"1433",610244,"CLARK HS"
"1434",610245,"DOUGLASS HS"
"1435",610246,"BEASLEY"
"1436",610248,"CHICAGO ACADEMY ES"
"1437",610249,"TALMAN"
"1438",610250,"SALAZAR"
"1439",610251,"CATHER"
"1440",610252,"DETT"
"1441",610254,"DVORAK"
"1442",610256,"ROBINSON"
"1443",610257,"MORTON"
"1444",610263,"DULLES"
"1445",610268,"ASHE"
"1446",610269,"MCCUTCHEON"
"1447",610271,"JENSEN"
"1448",610274,"JOHNSON"
"1449",610276,"MOLLISON"
"1450",610279,"TANNER"
"1451",610281,"POWELL"
"1452",610282,"MCNAIR"
"1453",610284,"NEW FIELD"
"1454",610287,"ASHBURN"
"1455",610290,"MAYS"
"1456",610291,"LEE"
"1457",610293,"MELODY"
"1458",610295,"HIGGINS"
"1459",610298,"LENART"
"1460",610299,"KING ES"
"1461",610300,"WESTCOTT"
"1462",610304,"PHOENIX MILITARY HS"
"1463",610305,"LELAND"
"1464",610308,"RUDOLPH"
"1465",610312,"MCDOWELL"
"1466",610313,"DE DIEGO"
"1467",610315,"WHITE"
"1468",610316,"EARHART"
"1469",610317,"BRIGHTON PARK"
"1470",610319,"EVERGREEN"
"1471",610323,"BOWEN HS"
"1472",610325,"LOGANDALE"
"1473",610329,"OROZCO"
"1474",610334,"RABY HS"
"1475",610339,"STAGG"
"1476",610340,"CHICAGO ACADEMY HS"
"1477",610342,"SABIN"
"1478",610345,"WOODSON"
"1479",610347,"CLAREMONT"
"1480",610350,"BLACK"
"1481",610352,"DURKIN PARK"
"1482",610353,"CALMECA"
"1483",610354,"NORTH RIVER"
"1484",610355,"COURTENAY"
"1485",610362,"EVERS"
"1486",610363,"DISNEY"
"1487",610364,"DUBOIS"
"1488",610366,"WACKER"
"1489",610367,"DEPRIEST"
"1490",610368,"HUGHES L"
"1491",610369,"JACKSON M"
"1492",610380,"WILLIAMS HS"
"1493",610381,"BRONZEVILLE HS"
"1494",610383,"SOCIAL JUSTICE HS"
"1495",610384,"INFINITY HS"
"1496",610385,"MULTICULTURAL HS"
"1497",610389,"ORR HS"
"1498",610390,"RICKOVER MILITARY HS"
"1499",610391,"LINDBLOM HS"
"1500",610392,"WORLD LANGUAGE HS"
"1501",610394,"UPLIFT HS"
"1502",610396,"TARKINGTON"
"1503",610402,"DEVRY HS"
"1504",610405,"SUDER"
"1505",610499,"COLLINS HS"
"1506",610503,"FRAZIER PROSPECTIVE"
"1507",610504,"THOMAS"
"1508",610506,"TEAM HS"
"1509",610513,"AIR FORCE HS"
"1510",610515,"DISNEY II ES"
"1511",610518,"AUSTIN CCA HS"
"1512",610520,"LASALLE II"
"1513",610521,"DAVIS M"
"1514",610523,"EDISON PARK"
"1515",610530,"SOUTH SHORE ES"
"1516",610532,"HERNANDEZ"
"1517",610533,"PRIETO"
"1518",610534,"SKINNER NORTH"
"1519",610539,"CAMRAS"
"1520",610541,"LORCA"
"1521",610542,"WEST RIDGE"
"1522",610543,"SOLORIO HS"
"1523",610544,"AZUELA"
"1524",610547,"SOUTH SHORE INTL HS"
"1525",610548,"STEM"
"1526",610558,"GOODE HS"
"1527",610559,"SHIELDS MIDDLE"
"1528",610561,"CRANE MEDICAL HS"
"1529",610563,"BACK OF THE YARDS HS"
"1530",609674,"CHICAGO VOCATIONAL HS"
"1531",609676,"DUNBAR HS"
"1532",609678,"JONES HS"
"1533",609679,"PROSSER HS"
"1534",609680,"PAYTON HS"
"1535",609682,"RICHARDS HS"
"1536",609691,"NORTH-GRAND HS"
"1537",609692,"SIMEON HS"
"1538",609693,"WESTINGHOUSE HS"
"1539",609694,"HANCOCK HS"
"1540",609695,"AMUNDSEN HS"
"1541",609698,"BOGAN HS"
"1542",609704,"FARRAGUT HS"
"1543",609705,"FENGER HS"
"1544",609708,"FOREMAN HS"
"1545",609709,"GAGE PARK HS"
"1546",609710,"HARLAN HS"
"1547",609711,"HARPER HS"
"1548",609712,"HIRSCH HS"
"1549",609713,"HYDE PARK HS"
"1550",609715,"KELLY HS"
"1551",609716,"KELVYN PARK HS"
"1552",609718,"KENNEDY HS"
"1553",609719,"LAKE VIEW HS"
"1554",609720,"LANE TECH HS"
"1555",609722,"MANLEY HS"
"1556",609723,"MARSHALL HS"
"1557",609724,"MATHER HS"
"1558",609725,"MORGAN PARK HS"
"1559",609726,"BROOKS HS"
"1560",609727,"PHILLIPS HS"
"1561",609728,"ROOSEVELT HS"
"1562",609729,"SCHURZ HS"
"1563",609730,"SENN HS"
"1564",609732,"STEINMETZ HS"
"1565",609733,"SULLIVAN HS"
"1566",609734,"TAFT HS"
"1567",609735,"TILDEN HS"
"1568",609737,"VON STEUBEN HS"
"1569",609738,"LINCOLN PARK HS"
"1570",609739,"WASHINGTON HS"
"1571",609740,"WELLS HS"
"1572",609741,"HUBBARD HS"
"1573",609744,"NORTHSIDE LEARNING HS"
"1574",609745,"SOUTHSIDE HS"
"1575",609746,"KENWOOD HS"
"1576",609748,"YORK HS"
"1577",609749,"NORTHSIDE PREP HS"
"1578",609750,"SIMPSON HS"
"1579",609751,"KING HS"
"1580",609753,"CHICAGO AGRICULTURE HS"
"1581",609754,"CHICAGO MILITARY HS"
"1582",609755,"YOUNG HS"
"1583",609756,"CURIE HS"
"1584",609759,"CLEMENTE HS"
"1585",609760,"CARVER MILITARY HS"
"1586",609761,"CORLISS HS"
"1587",609762,"JULIAN HS"
"1588",609764,"JUAREZ HS"
"1589",609766,"VAUGHN HS"
"1590",609769,"GRAHAM HS"
"1591",609772,"ADDAMS"
"1592",609773,"AGASSIZ"
"1593",609774,"ALCOTT ES"
"1594",609777,"ARMOUR"
"1595",609779,"ARMSTRONG G"
"1596",609780,"MARINE LEADERSHIP AT AMES HS"
"1597",609782,"AUDUBON"
"1598",609783,"JEFFERSON HS"
"1599",609786,"AVALON PARK"
"1600",609788,"BARNARD"
"1601",609789,"BARRY"
"1602",609790,"BARTON"
"1603",609791,"BASS"
"1604",609792,"BATEMAN"
"1605",609793,"NICHOLSON"
"1606",609794,"EDISON"
"1607",609795,"CLARK ES"
"1608",609796,"BEAUBIEN"
"1609",609797,"BEIDLER"
"1610",609798,"BELDING"
"1611",609799,"BELL"
"1612",609800,"BENNETT"
"1613",609803,"BLAINE"
"1614",609804,"BOONE"
"1615",609805,"JOPLIN"
"1616",609806,"BRADWELL"
"1617",609807,"HAMPTON"
"1618",609808,"HALEY"
"1619",609809,"BRENTANO"
"1620",609810,"BRIDGE"
"1621",609811,"BRIGHT"
"1622",609812,"BROWN W"
"1623",609813,"BROWNELL"
"1624",609815,"BOUCHET"
"1625",609817,"BUDLONG"
"1626",609818,"BURBANK"
"1627",609819,"BURKE"
"1628",609820,"BURLEY"
"1629",609821,"BURNHAM"
"1630",609827,"BURNSIDE"
"1631",609828,"BURR"
"1632",609829,"BURROUGHS"
"1633",609830,"BRUNSON"
"1634",609832,"BYRNE"
"1635",609833,"CALDWELL"
"1636",609834,"LITTLE VILLAGE"
"1637",609835,"CAMERON"
"1638",609836,"CANTY"
"1639",609837,"CARNEGIE"
"1640",609839,"CARROLL"
"1641",609842,"CARSON"
"1642",609844,"CARTER"
"1643",609845,"CARVER G"
"1644",609848,"ALDRIDGE"
"1645",609849,"CASSELL"
"1646",609850,"GREELEY"
"1647",609851,"CHALMERS"
"1648",609852,"CHAPPELL"
"1649",609853,"CHASE"
"1650",609854,"CHOPIN"
"1651",609855,"CHRISTOPHER"
"1652",609856,"CLAY"
"1653",609857,"CLEVELAND"
"1654",609859,"CLINTON"
"1655",609861,"CLISSOLD"
"1656",609862,"COLES"
"1657",609863,"COLUMBUS"
"1658",609864,"COOK"
"1659",609865,"JORDAN"
"1660",609866,"COONLEY"
"1661",609867,"COOPER"
"1662",609869,"LANGFORD"
"1663",609870,"CORKERY"
"1664",609871,"VICK"
"1665",609872,"PEREZ"
"1666",609873,"CROWN"
"1667",609874,"DIRKSEN"
"1668",609875,"DARWIN"
"1669",609876,"DAVIS N"
"1670",609879,"DAWES"
"1671",609880,"DECATUR"
"1672",609883,"DENEEN"
"1673",609884,"DEVER"
"1674",609885,"DEWEY"
"1675",609887,"DIXON"
"1676",609891,"DOOLITTLE"
"1677",609893,"DORE"
"1678",609894,"DRAKE"
"1679",609895,"TURNER-DREW"
"1680",609896,"DRUMMOND"
"1681",609897,"EARLE"
"1682",609898,"EBERHART"
"1683",609899,"EBINGER"
"1684",609900,"CURTIS"
"1685",609901,"EDGEBROOK"
"1686",609902,"METCALFE"
"1687",609903,"EDWARDS"
"1688",609904,"ELLINGTON"
"1689",609907,"ERICSON"
"1690",609908,"ESMOND"
"1691",609909,"EVERETT"
"1692",609910,"FALCONER"
"1693",609912,"FARNSWORTH"
"1694",609917,"FERNWOOD"
"1695",609918,"FIELD"
"1696",609919,"FISKE"
"1697",609920,"KANOON"
"1698",609921,"TELPOCHCALLI"
"1699",609922,"BELMONT-CRAGIN"
"1700",609924,"FORT DEARBORN"
"1701",609925,"KELLMAN"
"1702",609926,"FRANKLIN"
"1703",609927,"FOSTER PARK"
"1704",609928,"FULLER"
"1705",609929,"FULTON"
"1706",609930,"FUNSTON"
"1707",609933,"GALE"
"1708",609935,"GALLISTEL"
"1709",609937,"GARVY"
"1710",609938,"GARY"
"1711",609939,"GILLESPIE"
"1712",609941,"RANDOLPH"
"1713",609942,"GOETHE"
"1714",609943,"OWENS"
"1715",609944,"GRISSOM"
"1716",609945,"GOUDY"
"1717",609947,"GRAHAM ES"
"1718",609949,"GRAY"
"1719",609950,"ORTIZ DE DOMINGUEZ"
"1720",609951,"ARIEL"
"1721",609952,"GREENE"
"1722",609954,"GREGORY"
"1723",609955,"GRESHAM"
"1724",609956,"GRIMES"
"1725",609958,"GUNSAULUS"
"1726",609959,"HAINES"
"1727",609960,"HALE"
"1728",609961,"NINOS HEROES"
"1729",609963,"HAMILTON"
"1730",609964,"HAMLINE"
"1731",609966,"HAMMOND"
"1732",609967,"FINKL"
"1733",609968,"MCAULIFFE"
"1734",609969,"HARTE"
"1735",609971,"HARVARD"
"1736",609972,"HAUGAN"
"1737",609973,"ZAPATA"
"1738",609974,"HAWTHORNE"
"1739",609975,"HAY"
"1740",609976,"HAYT"
"1741",609977,"WOODLAWN"
"1742",609978,"SMITH"
"1743",609979,"HEALY"
"1744",609981,"HEARST"
"1745",609983,"HEDGES"
"1746",609985,"HEFFERAN"
"1747",609986,"HENDERSON"
"1748",609987,"HENDRICKS"
"1749",609988,"HENRY"
"1750",609990,"SOUTH LOOP"
"1751",609991,"HERZL"
"1752",609993,"LARA"
"1753",609994,"HIBBARD"
"1754",609995,"HITCH"
"1755",609996,"HOLDEN"
"1756",609997,"HOLMES"
"1757",610000,"HOWE"
"1758",610002,"HOYNE"
"1759",610003,"CUFFE"
"1760",610004,"CULLEN"
"1761",610005,"HUGHES C"
"1762",610006,"HURLEY"
"1763",610009,"GALILEO"
"1764",610010,"JAHN"
"1765",610011,"JAMIESON"
"1766",610013,"PILSEN"
"1767",610015,"JUNGMAN"
"1768",610016,"KELLOGG"
"1769",610017,"SAUCEDO"
"1770",610019,"KERSHAW"
"1771",610021,"CASALS"
"1772",610022,"KILMER"
"1773",610024,"CARDENAS"
"1774",610026,"KINZIE"
"1775",610027,"KIPLING"
"1776",610029,"LOZANO"
"1777",610030,"KOZMINSKI"
"1778",610032,"GREEN"
"1779",610033,"LASALLE"
"1780",610034,"LAWNDALE"
"1781",610036,"LEWIS"
"1782",610037,"LIBBY"
"1783",610038,"LINCOLN"
"1784",610039,"VON LINNE"
"1785",610040,"LLOYD"
"1786",610041,"LOCKE J"
"1787",610043,"LOVETT"
"1788",610044,"LOWELL"
"1789",610046,"LYON"
"1790",610047,"MADISON"
"1791",610048,"MANIERRE"
"1792",610051,"NORTHWEST"
"1793",610052,"MANN"
"1794",610053,"MARQUETTE"
"1795",610054,"MARSH"
"1796",610055,"FARADAY"
"1797",610056,"MASON"
"1798",610057,"FAIRFIELD"
"1799",610059,"MAYER"
"1800",610060,"JACKSON A"
"1801",610062,"MCCLELLAN"
"1802",610063,"MCCORMICK"
"1803",610065,"TILL"
"1804",610066,"MCDADE"
"1805",610067,"MCKAY"
"1806",610068,"HANSON PARK"
"1807",610070,"MCPHERSON"
"1808",610073,"MITCHELL"
"1809",610074,"MONROE"
"1810",610076,"MOOS"
"1811",610077,"MORRILL"
"1812",610078,"INTER-AMERICAN"
"1813",610081,"SHERIDAN"
"1814",610082,"MOUNT GREENWOOD"
"1815",610083,"BEARD"
"1816",610084,"KELLER"
"1817",610086,"MOUNT VERNON"
"1818",610087,"BLAIR"
"1819",610088,"MOZART"
"1820",610089,"MURPHY"
"1821",610090,"MURRAY"
"1822",610091,"BROWN R"
"1823",610092,"NASH"
"1824",610093,"NEIL"
"1825",610094,"NETTELHORST"
"1826",610095,"NEWBERRY"
"1827",610096,"NIGHTINGALE"
"1828",610097,"NIXON"
"1829",610098,"NOBEL"
"1830",610099,"NORWOOD PARK"
"1831",610100,"WEST PARK"
"1832",610101,"OGDEN ES"
"1833",610102,"OGLESBY"
"1834",610103,"OKEEFFE"
"1835",610104,"ONAHAN"
"1836",610105,"ORIOLE PARK"
"1837",610106,"PICCOLO"
"1838",610107,"OTIS"
"1839",610108,"OTOOLE"
"1840",610109,"OWEN"
"1841",610110,"WELLS ES"
"1842",610111,"PALMER"
"1843",610112,"PARKER"
"1844",610115,"PARK MANOR"
"1845",610116,"PARKSIDE"
"1846",610117,"PASTEUR"
"1847",610120,"PECK"
"1848",610121,"IRVING"
"1849",610122,"PEIRCE"
"1850",610123,"PENN"
"1851",610124,"WASHINGTON H ES"
"1852",610125,"RUIZ"
"1853",610126,"PERSHING"
"1854",610127,"PETERSON"
"1855",610128,"GARVEY"
"1856",610129,"PICKARD"
"1857",610130,"PIRIE"
"1858",610131,"PLAMONDON"
"1859",610132,"POE"
"1860",610133,"WARD L"
"1861",610135,"PORTAGE PARK"
"1862",610136,"PRESCOTT"
"1863",610137,"PRUSSING"
"1864",610138,"PULASKI"
"1865",610139,"PULLMAN"
"1866",610141,"RAVENSWOOD"
"1867",610142,"RAY"
"1868",610143,"REAVIS"
"1869",610144,"REILLY"
"1870",610145,"REINBERG"
"1871",610146,"REVERE"
"1872",610147,"ROGERS"
"1873",610148,"CHAVEZ"
"1874",610152,"RUGGLES"
"1875",610153,"RYDER"
"1876",610155,"SAUGANASH"
"1877",610157,"SAWYER"
"1878",610158,"SAYRE"
"1879",610159,"SCAMMON"
"1880",610163,"STOCK"
"1881",610165,"SCHUBERT"
"1882",610167,"SEWARD"
"1883",610170,"COLUMBIA EXPLORERS"
"1884",610171,"MIRELES"
"1885",610172,"SHERMAN"
"1886",610173,"SHERWOOD"
"1887",610174,"SHIELDS"
"1888",610175,"SHOESMITH"
"1889",610176,"SHOOP"
"1890",610177,"SKINNER"
"1891",610178,"SCHMID"
"1892",610179,"SMYSER"
"1893",610180,"SMYTH"
"1894",610182,"SOLOMON"
"1895",610183,"SPENCER"
"1896",610184,"SPRY ES"
"1897",610185,"STEVENSON"
"1898",610188,"DUNNE"
"1899",610191,"STONE"
"1900",610192,"STOWE"
"1901",610193,"NEW SULLIVAN"
"1902",610194,"SUMNER"
"1903",610195,"SUTHERLAND"
"1904",610196,"SWIFT"
"1905",610197,"TALCOTT"
"1906",610198,"TAYLOR"
"1907",610199,"COLEMON"
"1908",610200,"THORP J"
"1909",610201,"THORP O"
"1910",610202,"TILTON"
"1911",610203,"TONTI"
"1912",610206,"TWAIN"
"1913",610207,"VANDERPOEL"
"1914",610208,"LAVIZZO"
"1915",610209,"VOLTA"
"1916",610212,"ALBANY PARK"
"1917",610213,"WADSWORTH"
"1918",610215,"MADERO"
"1919",610216,"WALSH"
"1920",610217,"WARD J"
"1921",610218,"WARREN"
"1922",610219,"WASHINGTON G ES"
"1923",610220,"WATERS"
"1924",610221,"WEBSTER"
"1925",610223,"WENTWORTH"
"1926",610225,"WHISTLER"
"1927",610226,"SANDOVAL"
"1928",610227,"WHITNEY"
"1929",610228,"WHITTIER"
"1930",610229,"PRITZKER"
"1931",610230,"WILDWOOD"
"1932",610231,"NATIONAL TEACHERS"
"1933",610234,"YATES"
"1934",610235,"YOUNG ES"
"1935",610237,"BEETHOVEN"
"1936",610238,"BOND"
"1937",610239,"DALEY"
"1938",610242,"BRENNEMANN"
"1939",610244,"CLARK HS"
"1940",610245,"DOUGLASS HS"
"1941",610246,"BEASLEY"
"1942",610248,"CHICAGO ACADEMY ES"
"1943",610249,"TALMAN"
"1944",610250,"SALAZAR"
"1945",610251,"CATHER"
"1946",610252,"DETT"
"1947",610254,"DVORAK"
"1948",610256,"ROBINSON"
"1949",610257,"MORTON"
"1950",610263,"DULLES"
"1951",610268,"ASHE"
"1952",610269,"MCCUTCHEON"
"1953",610271,"JENSEN"
"1954",610274,"JOHNSON"
"1955",610276,"MOLLISON"
"1956",610279,"TANNER"
"1957",610281,"POWELL"
"1958",610282,"MCNAIR"
"1959",610284,"NEW FIELD"
"1960",610287,"ASHBURN"
"1961",610290,"MAYS"
"1962",610291,"LEE"
"1963",610293,"MELODY"
"1964",610295,"HIGGINS"
"1965",610298,"LENART"
"1966",610299,"KING ES"
"1967",610300,"WESTCOTT"
"1968",610304,"PHOENIX MILITARY HS"
"1969",610305,"LELAND"
"1970",610308,"RUDOLPH"
"1971",610312,"MCDOWELL"
"1972",610313,"DE DIEGO"
"1973",610315,"WHITE"
"1974",610316,"EARHART"
"1975",610317,"BRIGHTON PARK"
"1976",610319,"EVERGREEN"
"1977",610323,"BOWEN HS"
"1978",610325,"AVONDALE-LOGANDALE"
"1979",610329,"OROZCO"
"1980",610334,"RABY HS"
"1981",610339,"STAGG"
"1982",610340,"CHICAGO ACADEMY HS"
"1983",610342,"SABIN"
"1984",610345,"WOODSON"
"1985",610347,"CLAREMONT"
"1986",610350,"BLACK"
"1987",610352,"DURKIN PARK"
"1988",610353,"CALMECA"
"1989",610354,"NORTH RIVER"
"1990",610355,"COURTENAY"
"1991",610362,"EVERS"
"1992",610363,"DISNEY"
"1993",610364,"DUBOIS"
"1994",610366,"WACKER"
"1995",610367,"DEPRIEST"
"1996",610368,"HUGHES L"
"1997",610369,"JACKSON M"
"1998",610380,"WILLIAMS HS"
"1999",610381,"BRONZEVILLE HS"
"2000",610383,"SOCIAL JUSTICE HS"
"2001",610384,"INFINITY HS"
"2002",610385,"MULTICULTURAL HS"
"2003",610389,"ORR HS"
"2004",610390,"RICKOVER MILITARY HS"
"2005",610391,"LINDBLOM HS"
"2006",610392,"WORLD LANGUAGE HS"
"2007",610394,"UPLIFT HS"
"2008",610396,"TARKINGTON"
"2009",610402,"DEVRY HS"
"2010",610405,"SUDER"
"2011",610499,"COLLINS HS"
"2012",610503,"FRAZIER PROSPECTIVE"
"2013",610504,"THOMAS"
"2014",610513,"AIR FORCE HS"
"2015",610515,"DISNEY II ES"
"2016",610518,"AUSTIN CCA HS"
"2017",610520,"LASALLE II"
"2018",610521,"DAVIS M"
"2019",610523,"EDISON PARK"
"2020",610524,"ALCOTT HS"
"2021",610530,"SOUTH SHORE ES"
"2022",610532,"HERNANDEZ"
"2023",610533,"PRIETO"
"2024",610534,"SKINNER NORTH"
"2025",610539,"CAMRAS"
"2026",610541,"LORCA"
"2027",610542,"WEST RIDGE"
"2028",610543,"SOLORIO HS"
"2029",610544,"AZUELA"
"2030",610547,"SOUTH SHORE INTL HS"
"2031",610548,"STEM"
"2032",610558,"GOODE HS"
"2033",610559,"SHIELDS MIDDLE"
"2034",610561,"CRANE MEDICAL HS"
"2035",610563,"BACK OF THE YARDS HS"
"2036",610564,"DISNEY II HS"
"2037",610586,"SADLOWSKI"
"2038",610588,"RICHARDSON"
